{"vxx": 14, "Rudi_Reifenstecher": 13, "TweetsInCommentsBot": 301, "CommonMisspellingBot": 1217, "RemindMeBot": 307, "GodOfPlutonium": 14, "expiredgoatmeal": 5, "SuspiciousSugar": 5, "odraencoded": 27, "LysergicResurgence": 102, "Fingal_OFlahertie": 2, "Daedalus871": 13, "Jakester5112": 28, "AutoModerator": 2716, "RivalryBot": 39, "TexasRealm1": 3, "Aubear11885": 17, "Fulmersbelly": 14, "RearEchelon": 20, "MTGCardFetcher": 705, "AssistantManagerMan": 14, "J_Hemphill": 20, "tecnic1": 9, "imguralbumbot": 373, "AreYouDeaf": 101, "akaijiisu": 13, "DecisionBot": 233, "DylGray": 4, "The-Paranoid-Android": 1955, "TSATPWTCOTTTADC": 11, "unisablo": 8, "BadAdviceBot": 26, "NZNoldor": 23, "Unratedex": 4, "brando56894": 86, "Liquor_N_Whorez": 53, "jonas_h": 26, "Deadbeat1000": 9, "B0tRank": 370, "NFLVideoConverterBot": 4, "ReubenFroster56": 23, "AssassinPanda97": 11, "chumbawamba56": 3, "amp-is-watching-you": 143, "For_Real-This_Time": 10, "KiloLee": 5, "___alexa___": 336, "theHelperdroid": 13, "OverwatchMentionBot": 6, "SaltyEmotions": 21, "kuilinbot": 1, "TitleToImageBot": 224, "TotesMessenger": 59, "Gyazo_Bot": 18, "Variousness": 7, "CzarTyr": 23, "Talos-the-Divine": 12, "Asddsa76": 4, "ewk": 168, "LimbRetrieval-Bot": 76, "MonikaBot": 14, "DDLCs_Nickel_Counter": 10, "sneakpeekbot": 515, "jeremythelee": 19, "reddit_give_me_virus": 4, "verdegrrl": 6, "FatFingerHelperBot": 101, "gwalker2776": 13, "by-accident-bot": 13, "Someguyinamechsuit": 5, "Injustice52": 3, "_Serene_": 256, "AlyxVeldin": 5, "blackjack_oak": 17, "Pulp_Ficti0n": 2, "A-U-T-Omatic": 10, "TaipanTacos": 13, "stabbot": 138, "Stupid_question_bot": 27, "WhyNotCollegeBoard": 241, "_KanyeWest_": 3, "PillPoppingCanadian": 15, "Virgin_Dildo_Lover": 21, "GKrollin": 4, "HCE_Replacement_Bot": 4, "TheLittleMoa": 5, "CosmicKeys": 21, "LegoLinkBot": 50, "minetruly": 12, "DwarvesAreForCuddles": 11, "jahoney": 2, "7LeagueBoots": 22, "RemarkableRyan": 5, "heWhoMostlyOnlyLurks": 1, "Ladderjack": 1, "SuprDog": 4, "Narfff": 5, "PressFBot": 154, "stimulatedneuron": 10, "starrpamph": 33, "RobertAPetersen": 8, "societybot": 105, "drunk98": 21, "McCree_From_Gamecube": 10, "LongPostBot": 24, "better_bot": 17, "DistortedLines": 26, "automatic_cluck": 48, "LightUmbra": 28, "AlexaPlayBot": 174, "HelperBot_": 200, "xBubbss": 6, "EncouragementRobot": 45, "mr1337": 6, "MackLMD": 60, "cpaca0": 12, "Bot_Metric": 230, "WikiTextBot": 397, "oofed-bot": 50, "Novox_": 3, "DesertHoboObiWan": 3, "Gaporigo": 38, "ElmerFigueroa": 1, "mlilyw": 25, "TheFearlessChuaEater": 2, "5FingerDeathTickle": 156, "noahherron": 2, "S1lent0ne": 6, "AJPowers17123": 3, "wtfdaemon": 3, "metyuadem": 21, "Kn0ckKn0ckb0t": 63, "Marcultist": 3, "aggressivecorrection": 15, "Lalamedic": 2, "Fucking_Karen": 20, "u-had-it-coming": 32, "-1KingKRool-": 2, "gwent_response_bot": 4, "linuxdev2": 7, "RedditSilverRobot": 56, "Jkal91": 26, "Rigby313": 17, "Travertino": 15, "SteelRazor47": 26, "Roboragi": 552, "darnbot": 42, "auto-xkcd37": 60, "TOORIGHTCUNT": 10, "Phazon2000": 38, "fatinternetcat": 3, "p_iynx": 16, "qaisjp": 6, "MLBVideoConverterBot": 3, "BEAR_RAMMAGE": 1, "ghost_of_dongerbot": 28, "BWSnap": 5, "Bigmethod": 6, "timezone_bot": 65, "cmcjacob": 22, "Foxblow": 9, "YTubeInfoBot": 189, "xfile345": 15, "CarofTomorrow": 58, "LKincheloe": 10, "coolcosmos": 6, "ordinarybots": 24, "Mister_Dink": 6, "Fenrir007": 31, "Miiich": 6, "El_Buga": 23, "AnothrPrickInTheWall": 28, "HColossus": 13, "DrHelminto": 9, "von_Roos": 9, "Biscoito_Gatinho": 2, "Tetizeraz": 67, "Tradewind403": 19, "Cayenns": 7, "Endulos": 7, "ModeratelyHelpfulBot": 33, "auto-cellular": 6, "ChicagoGuy53": 1, "JustaRandomguy9999": 59, "Grognak_the_Orc": 13, "Mark_VDB": 34, "hanzonintendoswitch": 7, "FlyinPsilocybin": 14, "fiat_sux4": 11, "BenJ618": 7, "noctxm": 5, "IHateHappyPeople": 7, "Will508_is_my_name": 24, "Sweet_Tangerine50": 3, "decode-binary": 20, "DocOswald": 19, "catonmyshoulder69": 9, "maulrus": 3, "Boston_Champions": 25, "powerchord84": 138, "marisathemighty": 109, "table_it_bot": 45, "ABlankNam3dKid": 8, "oneechanisgood": 9, "yyzable": 17, "sir_tejj": 2, "mightbeabotidk": 14, "obvious_bot": 11, "tennies": 6, "O-shi": 15, "rward617": 4, "dpistachio": 7, "madeamashup": 23, "YugiohLinkBot": 19, "lexAutomatarium": 7, "uuff": 9, "M1810": 11, "AustrianMichael": 11, "smiles134": 6, "mcrabb23": 8, "SysUser": 3, "qchisq": 65, "RedditFantasyBot": 8, "dombrogia": 5, "eimajine1": 19, "Dbug113": 14, "Es452002": 29, "emmademontford": 21, "tupac_cares_bot": 71, "2A_is_the_best_A": 6, "twinkiac": 43, "louiseber": 114, "HauldOnASecond": 5, "progenito": 93, "BigLebowskiBot": 65, "BeatmapLinker": 10, "grandpaseth18": 2, "bill64button": 30, "AFSCbot": 4, "Crazyman_54": 14, "Bezzle16": 18, "ratherBloody": 2, "abxyz4509": 19, "Nick-fwan": 26, "PORTMANTEAU-BOT": 103, "buzzz001": 26, "NoNameRequiredxD": 30, "glufreh": 2, "Canned-Death": 18, "Lucyiffer": 135, "dadjokes_bot": 17, "GurusunYT": 5, "The_DJSeahorse": 29, "tehobliv": 18, "Quickkiller28800": 17, "TheGinofGan": 7, "PayRespects-Bot": 8, "CephalonWiki": 14, "NZPIEFACE": 26, "MacAndShits": 17, "Blissful_Altruism": 18, "EggChalaza": 19, "funpostinginstyle": 21, "DuelingPushkin": 22, "f1_spelt_as": 20, "willmcavoy": 3, "spoofex": 27, "flipjj": 7, "bobby-b-bot": 48, "AllPraiseTheGitrog": 72, "AKnightAlone": 40, "BananaFactBot": 90, "youtbuddcody": 9, "the40ftbadger": 2, "thewanderingway": 2, "otterHooligan": 733, "Geralt_of_Rivia1": 63, "fpoiuyt": 29, "losotr": 12, "DunkanBulk": 8, "NGramatical": 9, "JumanJoker": 13, "aqp-bot": 5, "ItsAutobot": 9, "JagexAyiza": 6, "burntends97": 37, "KingAlfredOfEngland": 3, "AddictedReddit": 3, "beeps-n-boops": 6, "LostMyOldAccount33": 49, "Laxwarrior1120": 17, "slfnflctd": 3, "JimmyKillsAlot": 18, "BeardsuptheWazoo": 17, "-eDgAR-": 7, "plsrespecttables": 2, "DriftExtra": 18, "Legionx37": 5, "username--_--": 9, "Christiphis": 6, "D45_B053": 6, "Levi-HECKERMEN": 85, "Ineedmyownname": 4, "sir_snufflepants": 4, "tiny_rick__": 5, "drunkenpinecone": 8, "goosepills": 5, "Government_spy_bot": 15, "Board_Gaming": 10, "birthmarkcel": 15, "Detective_Dietrich": 64, "studoggery": 255, "Matthew_Quigley": 231, "jonasvagn": 12, "Jezzmoz": 13, "AwesomeAutobot": 4, "Gear_": 8, "demonsdencollective": 18, "empleadoEstatalBot": 163, "qtanon1": 14, "bondiola_beer": 34, "pibedelcobre": 21, "yogobot": 4, "RandomCondor": 5, "ComradeSomo": 13, "db0255": 12, "SailorMercure": 32, "Algorev": 33, "is-it-a-bot": 16, "ELFAHBEHT_SOOP": 8, "ScroogeMcEdgeLord": 100, "Anzu00": 46, "furbot_": 139, "FAToFacdn": 47, "Sub6258": 13, "-def": 1, "Cocoaboat": 3, "Goatminer17": 12, "spiderinmypocket": 16, "TirelessGuardian": 55, "Jaffaraza": 6, "pkismeyea": 12, "thedekxal": 3, "pokeguy64": 4, "TheOGB8ter": 12, "TheThingsUnsaid": 66, "Bornforlose": 426, "frugalerthingsinlife": 6, "crappy_pirate": 12, "metric_robot": 51, "FailedSociopath": 21, "sgmctabnxjs": 7, "nyet_the_kgb": 14, "ElginPoker60123": 32, "Not_Steve": 9, "Samuel_LChang": 45, "Stuartriddle12": 8, "Paracosmical-XD": 21, "PigeonPoo123": 6, "CanuckBacon": 3, "SatricThrower": 43, "alf666": 4, "EyeBleachBot": 21, "Yes-its-really-me": 10, "icedicks": 3, "MotherOfAllBots": 2, "trumpcoatbot": 4, "RickyMissile": 1, "Ralphusthegreatus": 7, "BananaDick_CuntGrass": 10, "draw_it_now": 9, "SovietPlayhouse": 11, "neohylanmay": 4, "Mashu_Kyrielite": 8, "BlameLib": 5, "lusvig": 98, "N8theGr8": 13, "Cuddlyaxe": 7, "p_pal2000": 45, "BothBawlz": 80, "redrhyski": 17, "muesli4brekkies": 1, "sukabot": 14, "TaobaoMobileConvert": 23, "Critical_Finance": 86, "fernoklumpen": 53, "KennySysLoggins": 5, "MemeInvestor_bot": 5839, "moloe0": 457, "Aculisme": 249, "fermented_mango": 49, "stranglingisfun": 8, "lone_red_rover_mp3": 8, "SzczurekPropagandy": 24, "deck-code-bot": 4, "hearthscan-bot": 94, "Lesterberne": 4, "theamazingsteve1": 5, "PoBPreviewBot": 4, "Confucius-Bot": 25, "mmmmmmmmmmmmmmmbeans": 61, "CredoBot": 20, "FlagWaverBot": 164, "AxolotlsAreDangerous": 39, "opfeels": 12, "Acropoe": 29, "arrestdevjunkie": 1, "siouxsie_siouxv2": 5, "RheingoldRiver": 17, "MissileBot": 1, "PlayoticShadows": 25, "ZoomBoingDing": 5, "Piana_Bot": 8, "Usernamesin2016LUL": 3, "Ink_bot": 6, "Dobypeti": 40, "PCMRBot": 9, "rrr598": 39, "min35vil": 16, "bumbling_fool_": 18, "image_linker_bot": 40, "MelonHatTv": 34, "Sulti": 3, "fairySprinkIes": 7, "Jet-link": 304, "DynamicAilurus": 100, "TNMentionBot": 350, "eat-sleep-fortnite": 31, "hamtastic101": 24, "fcon5": 2, "excaliboor": 8, "InLoveWithTexasShape": 12, "fadetheraiders": 26, "timestamp_bot": 9, "Yage2006": 8, "jasoncj121": 5, "scarlet_sage": 5, "rollme": 96, "KaneRobot": 10, "apliens": 2, "Catebot": 2, "RhynoD": 3, "Treejeig": 31, "iLuvz2bake_n_69": 7, "aaAAAaaahh_bot": 3, "cuddlebirb": 8, "ssl-3": 5, "as-opposed-to": 27, "DakotaBashir": 3, "Dauss": 5, "IWantToBeAToaster": 13, "kinyutaka": 24, "sh4rpi3": 3, "miraoister": 17, "shawarma_law": 10, "Jasper455": 9, "FrespectEwomenist": 10, "Futureisgreen": 3, "Mblim771_Kyle": 47, "QuestionC": 2, "MrEmeralddragon": 4, "The-Gothic-Castle": 25, "OckhamsFolly": 5, "retrigger": 20, "RedHorseStrong": 4, "arealhumannotabot": 12, "felix1066": 7, "Houpinator": 3, "WikiHowLinkBot": 20, "Dibs_on_Mario": 3, "spelunker": 2, "Quintenkw": 2, "Headcap": 5, "Gaz_The_Ghostly": 13, "ActualRealBot": 8, "SatanicOnion": 16, "AK_Happy": 14, "__under_score__": 16, "Canopenerdude": 7, "G2Wolf": 1, "rloltwitch": 9, "no_string_bets": 9, "cool-acronym-bot": 1, "thebestdaysofmyflerm": 13, "Der_Eiserne_Baron": 17, "joaopaulofoo": 51, "questionablyrotten": 35, "craniumonempty": 7, "SunglassesDan": 4, "HeroesInfoBot": 26, "ApiContraption": 64, "webchimp32": 2, "Rogue2555": 8, "ancientflowers": 25, "kendo_master123": 6, "FReed0mCHild": 11, "rangi1218": 3, "NuiN99": 11, "Mr-Zero-Fucks": 21, "I_Bin_Painting": 7, "nobody_likes_soda": 3, "OcelotWolf": 6, "JusKeepRolling": 8, "morse-bot": 13, "fliminglaps": 30, "josefykrakowski": 17, "stabbot_crop": 95, "Pontus_Pilates": 5, "Quietabandon": 11, "ForgettableWorse": 10, "NoBonesHobones": 6, "SonOfASelkie": 4, "transcribot": 37014, "jmk_2017": 31, "stebo_02": 5, "Thanos__Bot": 34, "WayeeCool": 7, "hotcarl23": 2, "I_am_bot_beep_boop": 5, "notmy2ndacct": 4, "Proud_Russian_Bot": 2, "Indie__Guy": 1, "pyongs": 4, "nasisliiike": 8, "ScenesFromTheOffice": 4, "SkollFenrirson": 23, "FreaknTijmo": 4, "cryptochecker": 4, "Bytewave": 6, "sirhumphry": 9, "mordeci00": 8, "BostonGuy245": 7, "rasherdk": 8, "zetec": 7, "let_that_sink_in": 7, "ValidAvailable": 2, "SpyderN": 3, "skine09": 3, "Harleyquincey": 7, "userhs6716": 3, "oneeighthirish": 8, "ship0f": 5, "DaveTheDog027": 4, "Jaijoles": 2, "cwenham": 3, "Err0rbot": 3, "FeIiix": 3, "FullPoet": 25, "loli_esports": 15, "whut-whut": 4, "silofski": 12, "jackofallcards": 10, "Cacophon": 1, "Its_Wajeeh": 7, "qulqu": 2, "howtodoit": 3, "makzk": 5, "tepkel": 3, "nootrino": 4, "Jayant0013": 7, "Midnightborn": 14, "FreeJemHadar": 10, "Cockhead1234": 11, "_whatbot_": 6, "RedNoodleHouse": 19, "9dedos": 3, "Cessnateur": 4, "CMDRJohnCasey": 13, "The_Inquirer_852": 7, "RanLearns": 3, "beakz_r": 65, "eFeqt": 6, "tha-observer": 1, "bot-ama": 3, "Glorounet": 4, "SoulCraftey": 13, "Enigma_Stasis": 4, "_thisisforreddit": 34, "SORRY_MATE5": 12, "muchgibberish": 5, "primenumbersturnmeon": 5, "RavBot": 3, "turikk": 1, "Cross55": 11, "Wmbernie": 5, "barben416": 5, "MuresMalum": 2, "JmnNatu": 8, "PaladinsRobot": 3, "patsbot": 7, "KekOpera": 3, "News_Bot": 2, "QuestionableTater": 58, "BlossomDub": 2, "Dio_Landa": 34, "innig": 12, "Nntropy": 3, "shiftstorm11": 6, "miss-morland": 41, "zangor": 7, "AgentSurvivor": 10, "chiguayante": 4, "Borderlandsman": 5, "JordanPickupford": 4, "zelis42": 1, "nicopalavecino": 11, "GiveBot": 1, "llanfaire": 5, "creepy_robot": 10, "Time_Fracture": 6, "echoapollo_bot": 6, "Darkdistroi": 8, "Vinccool96": 193, "glomman": 2, "Nick433333": 3, "Mr-Goose-": 4, "Virtymlol": 11, "ShemhazaiX": 4, "3snaps2u": 6, "itrv1": 4, "BernardJOrtcutt": 4, "ipha": 2, "GlamRockDave": 3, "F54280": 2, "LEAPYEAR_FOR_SCIENCE": 326, "naaksu": 2, "PatrickPlan8": 18, "IMadeThisOn6-28-2015": 1, "Chronos_the_Cat": 4, "Kicooi": 6, "JoeyRobot": 6, "Giftedcockyguy": 7, "array_of_dots": 28, "Blueshift424": 5, "southarlington": 1, "MarioKartGuy27": 5, "Opheltes": 4, "CoastersPaul": 11, "kamatacci": 2, "aarontbarratt": 4, "BapcsBot": 1, "mounted2czarina": 2, "imreallynotthatcool": 3, "kirbizia": 7, "Bagellord": 5, "weekendbot": 111, "ragn4rok234": 7, "OpenSourcePro": 50, "PF_Mirror_Bot": 1, "FelisUp": 4, "hexaninja": 2, "Digitalmonster7068": 3, "zortlax": 4, "battlemage64": 14, "fuckingyoungperfect": 2, "Prominer44": 2, "AATroop": 24, "BlackBloke": 4, "wolftalk": 2, "RedstoneTehnik": 3, "VeradilGaming": 3, "Flypflap91": 4, "ShazbotSimulator2012": 4, "HereComesJustice": 14, "pipinngreppin": 10, "Kebabrulle4869": 11, "notabotAMA": 3, "Snoodoggydoo": 2, "manachar": 2, "Chick-fil-A_spellbot": 8, "KeySpare": 8, "wexford001": 5, "jokeriotBot": 3, "KorokBot": 2, "Toxoryn": 9, "DedlySnek": 12, "TealDodo": 14, "imyselfamwar": 2, "Vejasple": 6, "best_les": 7, "jjjbbapp": 2, "Schpau": 2, "pertsix": 1, "Cacti_Hall": 13, "kidneysc": 4, "StaysAwakeAllWeek": 4, "Spartan2470": 2, "dog-pussy": 5, "EnjoyTheUsernameGIF": 2, "rektitroaster": 18, "immaginiBot": 8, "Constipat8": 3, "ImJimmieJohnsonBot": 4, "Hepita": 1, "Selfdestructseq0001": 5, "vit05": 1, "colerpop": 5, "ShaneH7646": 17, "Python154": 10, "DatSauceTho": 1, "teymon": 2, "Kagariii": 2, "auronvi": 1, "SorryImChad": 6, "Brailledit": 2, "HCTerrorist39": 10, "Coinpredictionsnet": 1, "KatHamer": 3, "Bat0403": 71, "rimworld-modlinker": 11, "Ivebeenfurthereven": 3, "Respectable_Answer": 4, "spelt_toRo_roSSo": 2, "r2d2_21": 8, "OkToBeTakei": 4, "not-a-painting": 14, "nicktohzyu": 8, "ackchyually_bot": 1, "ThePsychoKnot": 3, "Dank_Memes16": 1, "ProceduralDeath": 3, "Muslim_Wookie": 5, "CowboyXuliver": 2, "OWO-FurryPornAlt-OWO": 21, "wolfie379": 15, "BlinkToThePast": 2, "mahir_r": 3, "dreadiplomat110": 12, "pumpkinbot": 14, "JBHUTT09": 5, "Deanlechanger": 1, "touching_payants": 5, "CappnKrunk": 2, "Matti_Matti_Matti": 3, "LBGW_experiment": 3, "aazav": 12, "King_Bonio": 6, "evenfromsweden": 4, "UnsubHero": 2, "quintessential_fupa": 68, "jonathangai": 2, "ThePigK1ng": 1, "mozalvete": 3, "Agent_Phantom": 2, "Nailbar": 2, "BlackUnicornGaming": 6, "_urn": 5, "hwsbot": 3, "Qubk0": 5, "Aol_bot": 1, "spudmix": 3, "FinFihlman": 2, "TeddyHansen": 2, "asschompster": 2, "Eranaut": 10, "KenFrezno": 3, "Nyx_Antumbra": 1, "not_so_magic_8_ball": 3, "jugalator": 2, "Unincrediblehulk": 1, "BotPaperScissors": 3, "Concise_Pirate": 5, "HSChubbyPie": 2, "Bonhomhongon": 5, "ang1019": 1, "Revan0315": 9, "dealferret": 1, "squaminator": 5, "Resnarh": 12, "LauraEvangeline": 3, "IamDoge1": 8, "Bacon_spec": 7, "repetitionofalie": 1, "TantrewTP": 1, "ZapZapped": 2, "RegurgitatedCumBuble": 10, "CharismaticBiscuit": 4, "BeetlejuiceJudge": 3, "SirkTheMonkey": 2, "LEGO_IDEAS_BOT": 1, "gordonpown": 6, "theillini19": 2, "Brain_Wire": 2, "nsfwmodeme": 2, "ssssank": 3, "umiupbeat": 8, "badwin777": 1, "Jumbobog": 7, "SoldadoTrifaldon": 13, "The_Minstrel_Boy": 3, "Derpazard": 10, "DarkLordBogi": 8, "Highfalutin-Free": 1, "daebro": 2, "Epamynondas": 3, "ctudor": 5, "stesch": 1, "jangle_bo_jingles": 1, "Iexplainpunchlines": 2, "IglooGreg": 8, "chimpsinblimps": 3, "GitCommandBot": 6, "afrophysicz": 2, "gobargiverbot": 2, "HaveSomeWords": 1, "Sveittjpong": 2, "N0N-R0B0T": 3, "PittsburghDan": 4, "spoonguy123": 8, "what-diddy-what-what": 2, "canehdian78": 13, "Polishbootlegger": 2, "Thevisi0nary": 9, "bravo_delta_bot": 4, "s4b3r6": 3, "The_Canadian_Devil": 23, "Poincenot": 3, "Mr2_Wei": 4, "Captain_Plutonium": 10, "automated_bot": 2, "ThatCalisthenicsDude": 10, "En_svamp": 5, "lindLess": 1, "uglyasablasphemy": 3, "throwawayzoneparking": 4, "HSGwentBot": 1, "BukkakeSplishnsplash": 2, "OMG__Ponies": 2, "GODDAMNFOOL": 2, "Slinkwyde": 4, "Fidget02": 2, "HensRightsActivist": 3, "Bbrowny": 1, "aj_og": 2, "thehonestyfish": 8, "WhoDidThisBot": 4, "splendid456": 2, "viceboynute": 3, "8point3fodayz": 2, "wombatx88": 32, "etnguyen03": 4, "Alluminn": 5, "the-blox": 2, "PossiblyFuckReddit": 4, "kayeich": 2, "Netheferious": 4, "RedZaturn": 10, "ThroughThePortico": 6, "ColdestCoconut": 1, "ajs0525": 3, "robm163": 4, "wholesomeusername26": 2, "Junkbot": 3, "YouthInRevolt": 23, "TheWbarletta": 3, "TheBananaHamook": 3, "creepymutelilbugger": 1, "Saihus": 3, "Spicy-Autism": 3, "Shwipplemyshwapple": 1, "icephoenix821": 1, "KemonomimiCheerUpBot": 2, "BearsFan1024": 1, "CapytannHook": 1, "AnimusNoctis": 2, "KillerInstinctUltra": 1, "HestonRoberts": 22, "ASentientBot": 4, "Lord_Emperor": 3, "LockSmittyBoy": 8, "ItsOldHickory": 3, "LithopsIsSingularBot": 1, "ifthestarsareright": 2, "AssholeBot9000": 1, "GGGGobbler": 3, "Madmax05072": 4, "ErfderEmpires": 1, "UsefulAnswerBot": 2, "NotProperAttire": 2, "WaryEggBeater": 11, "SpellCheck_Privilege": 2, "hmmm-bot": 1, "TransIator_Bot": 4, "the_marx": 4, "vet-bait-bot": 10, "BILLIKEN_BALLER": 1, "sejnn": 1, "cockinstien": 1, "OverAnalyzes": 1, "omnisephiroth": 16, "SuperKamiTabby": 2, "Seagull_No1_Fanboy": 2, "Aqua_ow": 2, "Mr_Bullcrap": 3, "BooCMB": 16094, "SparklyGames": 20, "thank_mr_skeltal_bot": 4565, "r-PictureGame": 72, "doot_bot": 3259, "zaddar1": 150, "DoYouThrowDeWay": 6, "Gam1ngChair": 6, "CalciumOverlordBot": 31, "SuperShadow127": 209, "soyamelon": 164, "cygnus-terminal666": 35, "TheAmazingAutismo": 20, "drmadmat": 3, "Link-Help-Bot": 161, "NawtAGoodNinja": 11, "MrBeepyBot": 18, "FinalTea": 34, "Cursed_Judge": 406, "Cursed_Osiris": 26, "janiror8": 2, "4x_jpeg": 9, "Wh1teR1ce": 7, "PointlessCarnal2018": 258, "DoMoreWithLess": 58, "adeadhead": 3, "DoughDom": 23, "siophang13": 11, "MarkdownShadowBot": 1783, "morejpeg_auto": 32, "trot-trot": 5, "MTGLardFetcher": 65, "NoMoreMisspellingBot": 197, "OwwOofMyBonesBot": 119, "FlumpMC": 6, "OneTrueSneaks": 5, "Loli-Tag-Bot": 19, "borbag": 5, "Shiwakao": 2, "EnoughNoLibsSpam": 13, "Trigun113": 15, "saintnum5": 14, "SilverElmdor": 9, "downvoteawayretard": 88, "Hanneman_213": 1, "Tmfwang": 5, "itsmethemcb": 5, "Gargamelle_the_wise": 6, "DeepFryBot": 85, "G_likes_ravioli": 19, "SGT_Apone": 204, "TheAcapellaJester": 1, "iamjamieq": 4, "xXFriendshipXx": 6, "RezinaxRed": 15, "ThesaurizeThisBot": 73, "bluefalcon5413": 6, "xkbjkxbyaoeuaip": 1, "intriging_name": 20, "the_model_customer": 52, "GeneralBot": 47, "ibworsham": 12, "ToMateUnMateOUnChori": 2, "throwawaygiraffe69": 69, "misspellbot": 27, "Morderator94": 1, "The-Noided-Android": 41, "GoodBotBadAdmins": 118, "black-percentage-bot": 21, "TruthGetsBanned": 4, "shutupserene": 104, "isidero": 1, "trosemblattt": 7, "piceus": 5, "-SgtSpaghetti-": 10, "SirLordSagan": 22, "vbozzo0420": 33, "isditregtignodiG": 43, "mrlm1105": 8, "goblincocksmoker": 5, "Shut_Up_Exe_Bot": 27, "yaheg2": 90, "AssaultedCracker": 3, "Kaldicerebrius": 3, "Tekknikal_G": 2, "KoolThund3r": 6, "12111990": 3, "NEEDS_MORE_PMS": 18, "Cursed_Punisher": 12, "varungupta3009": 12, "deleteseverything": 8, "VictaFunk": 35, "Cosmic247": 5, "Xzanium": 39, "braiam": 2, "HDMemes": 21, "xColdAtrophy": 2, "DigHat": 9, "YoWatDaCrapSpooklez": 29, "slrcpsbr": 11, "throwaway12789362561": 8, "RMFbucketglove": 2, "shillelagh-law": 1, "S_Napster": 3, "AvoidBot": 7, "_Serene_STFU": 36, "ShortGeologist": 20, "the__storm": 2, "vreddit_bot": 6, "Justin_DS": 2, "thats_a_repost_bot": 4, "death_007": 15, "AntonMuster": 3, "maybeitsmeh": 2, "Mirelurk_Queen": 1, "DrummerHead": 2, "whateverwherver": 77, "THE_MAGIC_EYE": 5, "HXDDIACA2": 31, "herrdidi": 2, "hacksorskillbot": 39, "Baron-Kingsnorth": 6, "PaulyBowties": 1, "Zyond": 1, "Robo657": 5, "SpookyCat2": 4, "FenwayPatriot": 7, "sleepfordayz679": 7, "WannaWaffle": 2, "Politicanos": 6, "ThatCanadianGuy99": 2, "alemkalender": 1, "FYourTeam": 7, "idiom_bot": 5, "Chaos2718": 27, "shill779": 1, "Joniator": 10, "Pro_ReX": 2, "atisuxx": 19, "BobDaBacon": 2, "ITS_SCOT_FREE": 3, "09876543212345": 2, "Rodienho": 3, "Draws-attention": 4, "RSTVideoCustomerHelp": 4, "Despacito-2-Bot": 7, "ArphtheFC": 5, "Sysilus": 5, "vlaarith": 2, "hermanerm": 1, "charlierw123": 3, "bartturner": 9, "RedditAnnoyBot": 35, "RepliesNice": 21, "wererat2000": 9, "Carnage2089": 9, "purpleturtlehurtler": 15, "spellingbotwithtumor": 16, "pterodaktyl4": 16, "AnimalFactsBot": 17, "bastardj0nsn0w": 3, "Holofan4life": 27, "kalinaweber": 5, "katze_sonne": 3, "7anay": 6, "BestForkingBot": 6, "WW508": 25, "DJFr4nkie": 4, "Burrito6920": 20, "Leombro": 14, "wowo532241": 5, "Princhoco": 8, "ftheredsoxbot": 1, "DirkGentle": 2, "ooax": 1, "synocrat": 1, "PROK0R": 5, "AndyGoodwood": 6, "BabyHands81": 1, "LastDown23": 1, "dedmems399": 3, "867-5309NotJenny": 24, "funkinehh": 2, "AppropriateArt": 3, "EdwadThatone": 3, "javiermartinez25": 7, "MoreFault": 7, "bolnossaurorex": 11, "lordofslam": 17, "Eleventh_Barista": 2, "Blackwater_7": 2, "phedre": 13, "sharkstax": 3, "ladyanita22": 4, "josuealvo": 2, "tiagocc0": 2, "Shiv3r_redditor": 8, "mysticalmisogynistic": 13, "harry4354": 21, "rmma": 2, "CoolPrice": 15, "SlowPresentation": 8, "BobbyDropTableUsers": 3, "amoeba3": 24, "insistent_librarian": 11, "tmpnd": 7, "dimmi99": 9, "muchobligated": 2, "randommule": 27, "SiomarTehBeefalo": 11, "Clearly_A_Bot": 4, "odpsue": 2, "shecklestiens": 2, "Wjjm75": 6, "LostIt642": 13, "AngelofServatis": 16, "1000TACKSTOTHEBACK": 1, "isthistechsupport": 2, "sardinha_da_massa": 2, "firesofpompeii": 3, "_arc360_": 2, "HerbAnalog": 5, "scylk2": 1, "Fragore": 6, "NicoRosbott": 7, "todd10k": 5, "brotherjeshua": 9, "Thecubezarmy_RO": 7, "chuktesta": 1, "Thalass": 3, "oneofus-oneofus": 3, "_Illegal_Carrot_": 1, "another_random_whale": 2, "iLikeToPL4Y": 1, "Cahootie": 3, "FitBricker": 3, "CPCTC13": 17, "blisstake": 29, "GifReversingBot": 12, "griffio44": 9, "JMOD_Bloodhound": 1, "pm_me_ur_big_balls": 2, "wanderingsalad": 4, "US-person-1": 6, "TopCommentOfTheDay": 3, "verithroz": 1, "pwnz0rnet": 1, "No_H_in_Cage": 1, "normie_memes_bad": 3, "gustavoeo": 10, "Bad_Aspen": 2, "Insufferablepain": 5, "JusHerForTheComments": 6, "aisekkedancc": 4, "KatalystPrime": 4, "ImJustAUser": 7, "Myzifer": 1, "DarkRadiation553": 32, "satanEXP": 8, "Hepcat10": 1, "jeffgerickson": 12, "McJock": 2, "Fhtagn-Dazs": 1, "FiveSquared25YT": 12, "vAbstractz": 9, "GetItRightJack": 1, "Atryuki": 1, "gitty7456": 4, "Nitesen": 1, "BlerptheDamnCookie": 5, "ninfrodisenpai": 27, "GoodNello": 1, "Saintrph": 1, "AvailableHearing": 1, "______FBI______": 5, "poldicer": 1, "notbjerg": 5, "outofideasforusernam": 7, "coat-tail_rider": 4, "LyingSackOfPoopShit": 10, "not_noktisnoktis": 3, "AdHomimeme": 4, "lose_has_1_o": 1, "ChevisPreston": 1, "girlsaresoyboys": 2, "JoshuaSonOfNun": 3, "AllBotsAreBadBots": 7, "kuromadoushi": 17, "MaximalDisguised": 5, "hakdragon": 1, "Mancomb_Threepwood": 3, "Pielikeman": 5, "ilybot": 2, "kevbot19": 3, "nHentai-Tag-Bot": 8, "hoschi111": 2, "JediMasterSteveDave": 2, "GusulluGamer": 2, "ponds666": 8, "kavanaughbot": 25, "Arkaniux": 2, "to_pimp_a_butter_fly": 6, "WunHunDread": 2, "eitapeste": 2, "YinYangar": 2, "DevilishRogue": 6, "Xc0mmand": 7, "TheAntiPlaneswalker": 29, "adolfhitler2003": 3, "Trowawaycausebanned4": 13, "HallMonitorBot": 5, "KuraiTheBaka": 3, "HogwartsBot": 4, "CuckyMcCuckerCuck": 5, "Ghostlap": 2, "duckyb0y": 4, "AboutTurkey": 1, "JubJub128": 3, "randomstupidnanasnme": 3, "EzraSkorpion": 3, "Insertfemalename": 1, "terrible_name": 1, "PlayStoreLinks__Bot": 8, "MaxGoldtBot": 3, "Aint_it_a_shame": 3, "Victor_the_robot": 2, "SubAutoCorrectBot": 1, "Orthiax": 2, "mgh245": 1, "rawar678": 6, "Naman_Jani_17": 1, "Presidentfort": 1, "PM_me_cute_penguins_": 3, "Amulet_Of_Yendor": 5, "hcs010": 1, "JL-Picard": 3, "kpagcha": 3, "KingJewffrey": 1, "fonse": 2, "DonnieS1": 1, "ehnemehnemuh": 2, "Crumbs_With_A_Y": 8, "Indy_is_a_Puppy": 5, "Simply_a_computer": 8, "very_slowly": 3, "1000anesa": 1, "Kamakazi1": 2, "tsw_distance": 4, "ItsADnDMonsterNow": 4, "WaiYanMyintMo": 6, "infinityio": 10, "Michael3038": 7, "LivingReaper": 1, "Whos_Chunks": 5, "MobileInvestigator4": 3, "NormieTehMemer": 2, "runswitblunt": 1, "Mike9797": 3, "sparkadus": 8, "Lostknight17": 7, "javier_aeoa": 5, "AskRedditspammer": 3, "bonerwashington": 3, "GoodBotBadHuman-": 3, "BlueSardines": 2, "AimostFrontPage": 2, "Amacar123": 4, "VIOLENT_ORGASMS": 12, "hyakumanben": 1, "VaultNet101": 1, "Jocasp": 3, "mukumukum10": 10, "Illementary": 3, "xxxfortnitegod69": 7, "InitechSecurity": 1, "DenwaRenjiChan": 2, "HossBot": 7, "commento_col_Vangelo": 2, "oh-no-he-comments": 3, "tragile": 1, "TheMentalist10": 1, "Sir_Chubby2": 2, "EyebrowsForEveryone": 4, "Haveireddit": 5, "YoMomBot": 3, "HooptyDooDooMeister": 6, "iamsnokeconfirmed": 1, "jonascarv": 2, "GameSuggestionBot": 3, "fukramosbot": 12, "endmeplz420": 3, "MaxImageBot": 4, "davebrewer": 1, "CrowFoxy": 3, "lilivessreadsit": 3, "LegendOfNoEntity": 6, "walkclothed": 2, "Berelus": 1, "JenkemJoe": 2, "harley6324": 2, "MoopCon": 1, "captain_crocubot": 1, "athousandwordsworth": 3, "shota_bot": 1, "Fsck_Reddit_Again": 5, "ln_degenerate": 4, "S5Diana": 2, "Raptor226": 3, "NarwhalCat99": 5, "melancia_ultimate": 5, "DankMemer0": 19, "Flamme_oops": 3, "EtGamer125": 2, "joeSeggiola": 1, "Luke-Likesheet": 2, "Agent-Monkey": 1, "zanysteve": 4, "mnemosyne-0002": 4, "Fearless_Wretch": 3, "ColbyTwentyTwenty": 8, "slampisko": 1, "the_soup_wizard": 5, "velvet_robot": 2, "saucywaucy": 3, "ManicGypsy": 1, "Switchermaroo": 2, "Schwein_": 5, "JSLAK": 2, "NameCannotBeChanged": 1, "k-NE": 1, "lunk": 1, "VEPBXER": 5, "Warbring3r": 7, "OllyJacko142857": 3, "P33M": 3, "FeelsOkayBot": 1, "AGRE3D": 1, "CuriouslyInept": 2, "MrWhichAlt2": 8, "Wyrdean": 6, "Adrenyx": 1, "The_Pied_Baker": 3, "Roentgenographer": 1, "PostLurkerPosts": 1, "-RStyle": 6, "I_Killed_The_Synth": 2, "tesl-bot-9000": 3, "RealJackmaster110": 1, "InchZer0": 1, "shadowfoxmi": 2, "Tubal_Facts_Team": 5, "obalisk97": 2, "ThisLifeIsOnMySide": 2, "justsomedoctor": 2, "Yukon27": 12, "InJailYoudBeMyHoe": 3, "inkscars": 2, "mapiek": 2, "BestPornFinder": 1, "sufficiency_bot": 20, "eurasianlynx": 5, "mbdlhm": 2, "SamMee514": 4, "cardolan4": 22, "CheckovsPhallus": 3, "TacoPi": 1, "GhostlyWhale": 1, "Junkyrat123": 3, "UpvoteMemePoliceBot": 1, "An_Cantaloupe": 1, "TheMasterRedditor": 2, "CMBDeletebot": 91, "Its-Emily": 18, "exaccuss": 1, "Coppeh": 5, "wtimkey2016": 2, "SpeedyLancer": 3, "holymacaronibatman": 6, "_Adamanteus_": 2, "Claytortise": 12, "SimStart": 4, "WillLaWill": 1, "Russian_repost_bot": 3, "Twas_Inevitable": 2, "juice_box_guy": 2, "zigzagmad4": 1, "Treazul": 2, "ch_scorebot": 7, "aardBot": 17, "BrozzerBilalBot": 2, "kosher3864": 2, "Carrot_Scarecrow": 5, "Clippy_Office_Asst": 6, "BradyvonAshe": 3, "mannyrmz123": 4, "BlazingBowXT": 2, "soowhatchathink": 1, "zendathegreat": 3, "IE_MLB": 1, "MeirIeach": 1, "LeCrushinator": 5, "CIA_watches_me_pee": 8, "darthmonks": 2, "cloudrac3r": 11, "Crispy_socks241": 1, "gamezzmob": 3, "Jakeob28": 1, "JUNGLEJlM": 3, "FelixArgyle_": 4, "drewkungfu": 13, "Andy_B_Goode": 7, "cooperred": 3, "DIA13OLICAL": 6, "PanqueNhoc": 6, "ItsTeaForMe": 1, "RedsDaed": 4, "Deadshot_Calamity": 1, "Tychus_Kayle": 1, "goatpath": 2, "EthiczGradient": 1, "xxirish83x": 1, "STOBot": 4, "DefinetlyNotAFurry69": 2, "kronos55": 1, "IHeartRimworld": 1, "Lit-Up": 1, "refreshfr": 1, "LycaNinja": 2, "Pottedjay": 1, "cefel": 1, "MrGreenPuff": 1, "ThisIsntCursedBOT": 5, "AUTOMATED_FUCK_BOT": 2, "ColonelDegtyarev": 3, "murrochin": 4, "docarwell": 2, "LStearns13": 1, "givebadadvice": 2, "rdevilx": 1, "HentaiTagBot": 1, "sverdavbjorn": 4, "Laterbot": 7, "ServantLix": 1, "WorkRelatedIllness": 4, "poopymayonesa": 1, "Stugehh": 2, "exboi": 2, "yangar": 1, "jacksoncarrollson": 2, "ILinkNSFWSubreddits": 5, "sewersidesquad": 3, "GavinDanceWClaudio": 1, "desertgodfather": 2, "Derplight": 1, "spacebj": 1, "Van_Helwig": 1, "g3n3ral-k3nobi": 4, "jasonmrass": 1, "BadEgg1951": 1, "PickleWell": 6, "Zentrify_": 6, "AlanCristhian": 3, "a-mirror-bot": 1, "DrElverGalarga": 5, "hawkalpin": 3, "THE_OFFICE_BLOWS": 3, "skybali": 1, "FightingForSarah": 4, "SarcasticNice": 2, "Luucil": 1, "thekeanu": 3, "Official_Legacy": 1, "ELI4_Bot": 3, "Bishop_of_the_West": 3, "amynoacid": 1, "dergrioenhousen": 1, "flyingcircusdog": 2, "GreatSuperPie": 4, "Watada": 4, "CompileBot": 1, "mushroomwig": 1, "icantfind_a_username": 2, "CheesecakeGaming": 1, "Moist_Shrimp": 1, "Prufrock451": 3, "Trumps_Huge_Balls": 1, "lifesadness": 1, "Leif_Tv": 1, "ExistanceIsTorment": 3, "Autobot-N": 1, "eyeswideocean": 2, "heisnotthatintoyou": 1, "Arith_Medic_WasTaken": 1, "asaggese": 2, "CrootBot": 1, "LjSpike": 1, "zpcidiot": 4, "RohanReignzz": 2, "Crazy-Red-Fox": 4, "k-mohit": 2, "Foxx_Mulderp": 3, "funguyshroom": 1, "bandofgypsies": 6, "moabdulrazzak": 2, "The3DMan": 1, "Mockxx": 2, "ForTheL1ght": 7, "Destiny_Flavor_Text": 1, "Lojcs": 2, "JudeNarukami": 2, "rqnn11": 1, "CommonMispeIIingBot": 1, "guitar_lamb": 3, "PhyterNL": 1, "UB_GOOSE_BOT": 3, "reach2portals2": 2, "UsualSnark": 1, "ninjastarkid": 1, "ZGM_Dazzling": 1, "Nadestin": 2, "Line_14": 2, "AndyChamberlain": 3, "AtomicKittenz": 2, "PicturElements": 3, "YourGoodPandaBoi": 3, "edgar_de_eggtard": 3, "SergeantBiggs": 1, "amdamsky": 1, "NO_YOU_ARE_NOT_BOT": 1, "angrywords": 1, "SnafuBot": 1, "SimpleInvestment": 3, "smallclanVT": 1, "8milestyle": 1, "jeremy1015": 3, "Shreakisluv": 5, "Yodamanjaro": 2, "Brachamul": 1, "GPDBot": 1, "FearlessENT33": 3, "raistliniltsiar": 2, "jcopta": 1, "TJR843": 1, "PhillyDotComArchiver": 1, "Bigace3": 2, "pseudoRobit": 3, "i_Make_DadJokes": 1, "TheLordWillJudgeYou": 1, "firexsam": 1, "shipguy55": 1, "kwikileaks": 2, "DraperyFalls": 1, "goofbot": 2, "nickman1997": 2, "LivingIntheMemory": 2, "HUTJunkie": 1, "Vovomortel": 1, "Personaer": 1, "DougDimmadone": 1, "daninjaj13": 2, "gws923": 2, "fire-up-those-burner": 2, "Dschrein21": 3, "UnEjemploASeguir": 1, "voltij": 1, "dvlpr404": 2, "Manaphy180": 1, "herbertwrz": 2, "Bartastik": 1, "EyesintheGreen": 1, "Kitty-Kat-Katarina": 2, "munchwah": 1, "the_4th_doctor_": 1, "PickleRiccck": 1, "Moerty": 1, "PromVulture": 1, "Ano010": 1, "MediocreGimp": 2, "satanismyhomeboy": 4, "the_random_bot": 2, "okcumputer": 1, "designbart": 1, "paper_warrior": 1, "badbotbadbot": 1, "SauthEfrican": 1, "ExpressoDepresso12": 1, "LeNiko1407": 1, "gabriel3374": 1, "Rohan_0ge": 1, "Deus_Vult_Bot_": 2, "TheRealPizza": 1, "gravitysrainbow1979": 1, "EternalCards": 1, "MtheJoker04": 1, "dick-hippo": 1, "ClaudioRules": 2, "Zeldie789": 1, "Danksir6yu": 1, "ThisisaUsernameHones": 1, "shazvaz": 1, "JorgedeGoias": 3, "baiano151": 1, "ArtificiallyEnhanced": 3, "AstralConfluences": 1, "Urocyon2012": 1, "GaryBettmanSucks": 3, "ETHERBOT": 1, "ak2429": 1, "SubstantialTable9": 1, "MisteriousJeff": 3, "michaelolowokandi": 2, "Whiterabbit--": 1, "KingsElite": 1, "pasck667": 1, "theephie": 2, "TheSideJoe": 3, "TheOldeAccounte": 2, "DrossRottenzank": 1, "Prince_Oberyns_Head": 2, "PotatoGolem": 1, "iFapToEveryDownvote": 1, "UrgotOniichan": 2, "saduselessbot": 1, "HouseSomalian": 1, "AVeryHeavyBurtation": 2, "rubyshroom": 1, "pastermil": 3, "headasplodes": 1, "txmadison": 1, "not_a_russian_bot420": 2, "yanogacio": 1, "DMacB42": 1, "SolarFlareWebDesign": 1, "Harry-Flashman": 1, "LNMagic": 1, "Raqped": 1, "karuna_murti": 1, "w-san": 3, "D4nnyp3ligr0": 1, "duhpolan": 2, "aaaaaaaaaaanonymous": 2, "USAneedsAJohnson": 1, "Pie843115": 1, "dubly_": 1, "UpdateMeBot": 1, "KilluaYoukai": 2, "broswae": 1, "StealSmokedSunscreen": 1, "WizardCash": 2, "Coffeezzz": 1, "lakesObacon": 1, "floweryfriends": 1, "LegendaryPintMan": 2, "Contextual_Mom_Jokes": 1, "The-Onion-Bro": 2, "LordEskabar": 1, "Golden_Caviar": 1, "toddthegeek": 1, "TheFirstAndrew": 1, "Haunted_Butt_Bot": 3, "xX_Crilp_Xx": 2, "DolanDukIsMe": 1, "RareEmeraldPepe": 1, "informationscientist": 1, "es_only_gem": 2, "briannasaurusrex92": 1, "Beer2Bear": 1, "BullsBot": 1, "Dragonhunter_24": 1, "FifenC0ugar": 1, "freaklord1909": 1, "StupendousBot": 1, "My_guy_GuY": 1, "asuhdiahwidaw": 1, "ravaan": 1, "GallowBoob": 1, "Automated-Reply": 1, "PRW56": 1, "QueensPirate": 1, "ThatsSport": 1, "Scarlet_Evans": 1, "SeaseFire": 1, "84935": 1, "proofofintelligence": 1, "JageTV": 1, "lmN0tAR0b0t": 4, "EmBrAcE-DeAtH": 2, "plasticmanufacturing": 1, "Catsaiah": 1, "Offensive_joke_lord": 1, "ThatWerewolfTho": 1, "1800idgaf": 1, "SpaghettSpanker": 1, "IHavRoksInHed": 2, "amitmandel14": 1, "No_44": 1, "thephilospherstoned": 2, "Hot_Ham_Hawk": 2, "Frocharocha": 1, "attrm-bot": 1, "suggests_a_bake_sale": 1, "Bajungaa": 3, "Doorslammerino": 1, "thatwhichwontbenamed": 1, "shortsandsandals": 1, "SirT4co": 2, "demonsword": 1, "penguin9541": 1, "sjsquared": 1, "halosos": 1, "weirdobot": 1, "ShutterBun": 2, "WyattMontgomery": 1, "sansjoe": 1, "Domaz29": 1, "ISNT_A_ROBOT": 1, "rTeenBot": 1, "jusdarcenas": 1, "MiltBFine": 1, "PrinceOfBreath1984": 1, "RandomPerson9054": 1, "LLichs": 1, "UsuarioInimputable": 1, "thetinguy": 1, "ZaWarudoasd": 1, "yellowcat5": 1, "recourse7": 1, "I-AM-PIRATE": 1, "listgrotto": 1, "appropriateinside": 1, "JoesAlot": 1, "Ganglebot": 1}