{"vxx": 13, "Fingal_OFlahertie": 5, "Aubear11885": 24, "anti-gif-bot": 19, "Geralt_of_Rivia1": 64, "HCE_Replacement_Bot": 7, "Bagellord": 6, "_Serene_": 478, "LysergicResurgence": 83, "CommonMisspellingBot": 16579, "better_bot": 11, "AutoModerator": 1478, "Gaporigo": 57, "by-accident-bot": 13, "S1lent0ne": 2, "linuxdev2": 11, "SteelRazor47": 17, "PressFBot": 95, "El_Buga": 13, "ShaneH7646": 26, "5FingerDeathTickle": 138, "Jezzmoz": 11, "SORRY_MATE5": 8, "Phazon2000": 38, "etnguyen03": 42, "louiseber": 118, "ordinarybots": 10, "Fragore": 4, "ClickableLinkBot": 29, "timezone_bot": 57, "The_DJSeahorse": 30, "f1_spelt_as": 9, "innig": 17, "Stupid_question_bot": 27, "KillerInstinctUltra": 2, "Narfff": 8, "BadAdviceBot": 24, "CzarTyr": 23, "brando56894": 58, "LostMyOldAccount33": 83, "excaliboor": 6, "Laxwarrior1120": 19, "Board_Gaming": 44, "Kn0ckKn0ckb0t": 52, "zelis42": 13, "bondiola_beer": 37, "ScroogeMcEdgeLord": 132, "Lucyiffer": 213, "MrTempestilence": 21, "ThatCalisthenicsDude": 16, "Bornforlose": 479, "autotldr": 29, "metric_robot": 5, "CanuckBacon": 10, "FlairHelperBot": 12, "AlexaPlayBot": 62, "___alexa___": 173, "NZNoldor": 21, "MemeInvestor_bot": 11468, "theamazingsteve1": 1, "manachar": 15, "Confucius-Bot": 6, "FlagWaverBot": 50, "WikiTextBot": 67, "Acropoe": 28, "PlayoticShadows": 29, "Bot_Metric": 81, "societybot": 50, "DynamicAilurus": 108, "Jet-link": 250, "BigLebowskiBot": 17, "LimbRetrieval-Bot": 42, "Mblim771_Kyle": 35, "retrigger": 22, "Virgin_Dildo_Lover": 32, "image_linker_bot": 9, "SaltyEmotions": 12, "eat-sleep-fortnite": 36, "TitleToImageBot": 165, "EyeBleachBot": 11, "ApiContraption": 20, "progenito": 72, "metyuadem": 20, "stabbot": 60, "jmk_2017": 30, "Rudi_Reifenstecher": 22, "Jakester5112": 61, "TSATPWTCOTTTADC": 278, "AreYouDeaf": 137, "FatFingerHelperBot": 23, "tupac_cares_bot": 37, "THE_MAGIC_EYE": 21, "addedcolor": 13, "auto-xkcd37": 26, "loli_esports": 22, "mlilyw": 16, "noahherron": 5, "Jkal91": 27, "NZPIEFACE": 18, "amp-is-watching-you": 22, "TotesMessenger": 217, "Tetizeraz": 43, "Enigma_Stasis": 3, "Wmbernie": 5, "Crazyman_54": 13, "I_Bin_Painting": 6, "MacAndShits": 17, "-eDgAR-": 60, "Fucking_Karen": 27, "SailorMercure": 33, "N8theGr8": 29, "furbot_": 97, "spiderinmypocket": 23, "pumpkinbot": 17, "gwalker2776": 12, "ItsOldHickory": 4, "lusvig": 71, "HelperBot_": 19, "BothBawlz": 68, "mmmmmmmmmmmmmmmbeans": 50, "DocOswald": 31, "Piana_Bot": 1, "BapcsBot": 25, "kinyutaka": 21, "spoofex": 46, "TweetsInCommentsBot": 31, "Government_spy_bot": 15, "Levi-HECKERMEN": 57, "EncouragementRobot": 31, "Der_Eiserne_Baron": 13, "shawarma_law": 25, "stabbot_crop": 13, "Quietabandon": 9, "transcribot": 37029, "SkollFenrirson": 18, "Thanos__Bot": 14, "madeamashup": 25, "chumbawamba56": 4, "ewk": 169, "table_it_bot": 27, "A-U-T-Omatic": 10, "CosmicKeys": 28, "as-opposed-to": 22, "plsrespecttables": 2, "cwenham": 4, "automatic_cluck": 45, "LightUmbra": 19, "SnapshillBot": 66, "MackLMD": 38, "whut-whut": 3, "aggressivecorrection": 11, "RedNoodleHouse": 11, "AnothrPrickInTheWall": 36, "Grognak_the_Orc": 20, "colerpop": 6, "7LeagueBoots": 17, "HCTerrorist39": 7, "stesch": 5, "HauldOnASecond": 4, "FreeJemHadar": 8, "oofed-bot": 27, "ElginPoker60123": 19, "Polishbootlegger": 4, "KeepingDankMemesDank": 126, "ELFAHBEHT_SOOP": 12, "Cockhead1234": 9, "fiat_sux4": 7, "BenJ618": 6, "SovietPlayhouse": 11, "BernardJOrtcutt": 5, "Critical_Finance": 99, "nasisliiike": 16, "SatanicOnion": 22, "SzczurekPropagandy": 28, "NotTheOnionBot": 2, "CredoBot": 2, "RheingoldRiver": 28, "PCMRBot": 8, "hamtastic101": 28, "blackjack_oak": 9, "DakotaBashir": 6, "jeremythelee": 20, "no_string_bets": 3, "livestreamfailsbot": 2, "The-Gothic-Castle": 25, "DwarvesAreForCuddles": 8, "WhyNotCollegeBoard": 371, "Showerthoughts_Mod": 8, "WritingPromptsRobot": 101, "WholesomeBot": 2, "qchisq": 83, "birthmarkcel": 12, "rloltwitch": 1, "PORTMANTEAU-BOT": 66, "sneakpeekbot": 171, "AK_Happy": 10, "phonebatterylevelbot": 68, "xtremegaming22": 2, "FreaknTijmo": 6, "Talos-the-Divine": 10, "fatinternetcat": 7, "tweettranscriberbot": 38, "gordonpown": 8, "eimajine1": 22, "stebo_02": 7, "Blissful_Altruism": 28, "funpostinginstyle": 27, "bobby-b-bot": 33, "u-had-it-coming": 23, "JordanPickupford": 6, "decode-binary": 26, "CummyBot2000": 801, "Cocoaboat": 6, "3snaps2u": 13, "FlyinPsilocybin": 6, "Roboragi": 35, "ancientflowers": 47, "imguralbumbot": 41, "Eranaut": 9, "mcrabb23": 7, "rward617": 6, "Daedalus871": 31, "tecnic1": 9, "LegoLinkBot": 21, "jahoney": 2, "Jaijoles": 6, "cmcjacob": 17, "abxyz4509": 10, "IHateHappyPeople": 7, "hanzonintendoswitch": 12, "marisathemighty": 140, "AustrianMichael": 13, "burntends97": 44, "craniumonempty": 7, "ComradeSomo": 27, "OcelotWolf": 7, "Snoodoggydoo": 3, "Samuel_LChang": 49, "AKnightAlone": 39, "O-shi": 16, "YTubeInfoBot": 40, "WaryEggBeater": 11, "gabriel3374": 3, "Zyond": 4, "AutoErMelReWieDE": 4, "CarofTomorrow": 89, "GaryBettmanSucks": 4, "sufficiency_bot": 28, "yangar": 6, "AxolotlsAreDangerous": 42, "willmcavoy": 5, "HereComesJustice": 17, "xfile345": 16, "The_Pied_Baker": 6, "otterHooligan": 708, "PrincessOfMemories": 1, "the_marx": 4, "holymacaronibatman": 8, "sh4rpi3": 5, "misspellbot": 458, "GeneralBot": 300, "Yukon27": 15, "ama_compiler_bot": 16, "spellingbotwithtumor": 159, "DecisionBot": 222, "SubstantialTable9": 1, "EtGamer125": 2, "Zentrify_": 7, "wolfie379": 13, "MarkdownShadowBot": 3394, "IamABot_v01": 41, "MoreFault": 15, "dpistachio": 8, "BlinkToThePast": 1, "spotify_transcriber": 3, "throwaway12789362561": 9, "Cuddlyaxe": 14, "Liquor_N_Whorez": 56, "NoNameRequiredxD": 20, "NationalBird-Drone": 3, "AppropriateArt": 2, "HUTJunkie": 2, "WW508": 23, "to_pimp_a_butter_fly": 10, "DupeBro": 55, "ThesaurizeThisBot": 106, "mukumukum10": 14, "yaheg2": 112, "drewkungfu": 14, "Flypflap91": 2, "PointlessCarnal2018": 262, "SteamNewsBot": 5, "MTGCardFetcher": 24, "empleadoEstatalBot": 177, "docarwell": 2, "vlaarith": 2, "Xc0mmand": 5, "Indy_is_a_Puppy": 5, "Watada": 4, "morejpeg_auto": 83, "aazav": 13, "MrGreenPuff": 1, "starrpamph": 14, "N0N-R0B0T": 4, "Hardcore_Lycan": 1, "Xzanium": 40, "sewersidesquad": 4, "MaximumProduce": 2, "Cayenns": 7, "InJailYoudBeMyHoe": 3, "alternate-source-bot": 29, "Listige": 2, "odpsue": 2, "Cursed_Judge": 497, "telltalebot": 3, "Quickkiller28800": 10, "Mr2_Wei": 1, "TumblrDirect": 1, "S_Napster": 2, "GodOfPlutonium": 9, "Cheibrodos": 1, "ThisLifeIsOnMySide": 4, "Craigslist-Bot": 3, "moviescommentbot": 5, "howtodoit": 4, "SparklyGames": 13, "kirbizia": 15, "Its_Wajeeh": 3, "xxxfortnitegod69": 9, "MovieGuide": 2, "NoSobStoryBot2": 1, "Ganglebot": 4, "Mister_Dink": 4, "pasck667": 1, "Bytewave": 2, "IWantToBeAToaster": 11, "SuperKamiTabby": 2, "TNMentionBot": 366, "topredditbot": 4, "powerchord84": 90, "Aculisme": 268, "GreatSuperPie": 13, "umiupbeat": 7, "SorryImChad": 5, "Carrot_Scarecrow": 9, "WizardCash": 3, "FullPoet": 17, "YouthInRevolt": 24, "not_noktisnoktis": 5, "BigBenKenobi": 1, "redroguetech": 5, "Wjjm75": 8, "GhostlyWhale": 1, "es_only_gem": 5, "Revan0315": 9, "Scarlet_Evans": 5, "smallclanVT": 3, "Mike9797": 2, "thekeanu": 3, "Giftedcockyguy": 11, "robm163": 1, "Sub6258": 13, "munchwah": 1, "rdevilx": 2, "Insufferablepain": 8, "CMDRJohnCasey": 15, "zendathegreat": 7, "AdHomimeme": 6, "oh-no-he-comments": 1, "Anzu00": 35, "SeaseFire": 5, "Mark_VDB": 34, "wererat2000": 9, "WayeeCool": 13, "Coppeh": 4, "dealferret": 8, "expiredgoatmeal": 6, "Quintenkw": 3, "BooCMB": 73, "SuspiciousSugar": 6, "MaximalDisguised": 9, "randomstupidnanasnme": 4, "ServantLix": 1, "FlumpMC": 4, "pm_me_ur_big_balls": 4, "fliminglaps": 18, "HooptyDooDooMeister": 10, "xBubbss": 8, "very_slowly": 144, "spoonguy123": 7, "Thevisi0nary": 4, "TexasRealm1": 65, "hotcarl23": 1, "RivalryBot": 22, "I_am_bot_beep_boop": 24, "rasherdk": 5, "fpoiuyt": 18, "eurasianlynx": 8, "For_Real-This_Time": 5, "TopCommentOfTheDay": 3, "viceboynute": 8, "doot_bot": 54, "HestonRoberts": 68, "morse-bot": 33, "RedditSilverRobot": 16, "MediocreGimp": 10, "TheAcapellaJester": 3, "joaopaulofoo": 102, "DesertHoboObiWan": 2, "mrlm1105": 7, "cygnus-terminal666": 63, "Bacon_spec": 7, "RealJackmaster110": 2, "Port_Hashbrown": 1, "LuckFire": 3, "B0tRank": 311, "MrWhichAlt2": 7, "FiveSquared25YT": 18, "thank_mr_skeltal_bot": 1129, "ibworsham": 3, "quintessential_fupa": 66, "DJFr4nkie": 10, "weirdobot": 9, "TheOGB8ter": 14, "DarkLordBogi": 5, "Jacksonram": 1, "captain_crocubot": 3, "BostonGuy245": 21, "athousandwordsworth": 14, "Mr-Zero-Fucks": 29, "DoYouThrowDeWay": 5, "BananaFactBot": 85, "bill64button": 28, "RemindMeBot": 30, "SmallSubBot": 6, "p_pal2000": 32, "Crumbs_With_A_Y": 10, "blisstake": 31, "ErfderEmpires": 2, "Foxblow": 12, "mannyrmz123": 6, "Kebabrulle4869": 11, "FightingForSarah": 5, "nickman1997": 5, "Stuartriddle12": 5, "atisuxx": 30, "GoodBotBadAdmins": 100, "PrinceOfBreath1984": 1, "PromVulture": 2, "questionablyrotten": 30, "not-a-painting": 11, "PatrickPlan8": 27, "grandpaseth18": 8, "g3n3ral-k3nobi": 7, "AboutTurkey": 2, "DoughDom": 30, "okcumputer": 1, "lordofslam": 18, "News_Bot": 2, "EnoughNoLibsSpam": 19, "Link-Help-Bot": 51, "dedmems399": 3, "Ghostlap": 1, "Ivebeenfurthereven": 10, "gifv-bot": 7, "Es452002": 73, "Simply_a_computer": 3, "Hepita": 3, "Dobypeti": 42, "7anay": 8, "MaxImageBot": 18, "YoWatDaCrapSpooklez": 36, "aarontbarratt": 6, "slfnflctd": 3, "Victor_the_robot": 1, "rrr598": 25, "Robo657": 4, "Shreakisluv": 6, "AgentSurvivor": 10, "wanderingsalad": 6, "aardBot": 6, "drunkenpinecone": 3, "AUTOMATED_FUCK_BOT": 1, "BlackUnicornGaming": 6, "adolfhitler2003": 2, "D45_B053": 11, "Captain_Plutonium": 9, "MelonHatTv": 27, "RegurgitatedCumBuble": 11, "obvious_bot": 7, "Foxx_Mulderp": 5, "wexford001": 9, "fadetheraiders": 10, "kidneysc": 2, "Fulmersbelly": 11, "TheLittleMoa": 9, "Matthew_Quigley": 217, "studoggery": 272, "bravo_delta_bot": 30, "frugalerthingsinlife": 8, "notmy2ndacct": 1, "jackofallcards": 7, "glomman": 3, "omnisephiroth": 9, "Christiphis": 3, "SatricThrower": 32, "AllPraiseTheGitrog": 60, "AssistantManagerMan": 33, "ProceduralDeath": 4, "alf666": 8, "MeirIeach": 2, "fragrantfrog": 2, "Shiv3r_redditor": 12, "Canopenerdude": 3, "SilverElmdor": 24, "squaminator": 9, "camerontbelt": 6, "shecklestiens": 2, "zangor": 9, "Claytortise": 3, "SBlue3": 2, "ThePsychoKnot": 7, "RezinaxRed": 11, "VIOLENT_ORGASMS": 12, "ChevisPreston": 2, "J_Hemphill": 17, "Resnarh": 11, "Rigby313": 18, "asaggese": 7, "broken_kawaii": 4, "Angelshover": 5, "JustaRandomguy9999": 44, "bandofgypsies": 5, "ang1019": 1, "ThatWerewolfTho": 2, "OneTrueSneaks": 8, "Trumps_Huge_Balls": 2, "razerforth": 1, "Jaffaraza": 4, "miaueissoai": 5, "The_Canadian_Devil": 26, "Frocharocha": 7, "sirhumphry": 5, "imreallynotthatcool": 7, "tmpnd": 3, "muchobligated": 4, "varungupta3009": 13, "DraperyFalls": 2, "Paracosmical-XD": 18, "gitty7456": 5, "HothHanSolo": 3, "black-percentage-bot": 22, "Crazy-Red-Fox": 5, "TheBananaHamook": 3, "Burrito6920": 20, "bonerwashington": 5, "SuperShadow127": 166, "EggChalaza": 17, "______FBI______": 5, "Constipat8": 7, "oneechanisgood": 14, "Lit-Up": 3, "akaijiisu": 12, "Proud_Russian_Bot": 1, "pyongs": 5, "amynoacid": 1, "wolftalk": 1, "Legionx37": 6, "Despacito-2-Bot": 5, "vReddit_Player_Bot": 13, "Baron-Kingsnorth": 5, "felix1066": 13, "serendipitybot": 2, "Stone_Sparrow": 2, "resavr_bot": 1, "The-Noided-Android": 6, "The-Paranoid-Android": 36, "ragn4rok234": 5, "Virtymlol": 10, "losotr": 13, "RhynoD": 2, "Bigmethod": 18, "userhs6716": 3, "QuestionC": 2, "Aol_bot": 1, "Detective_Dietrich": 72, "javier_aeoa": 7, "FelisUp": 2, "chiguayante": 5, "ssl-3": 5, "siophang13": 11, "LeCrushinator": 5, "Russian_repost_bot": 2, "Variousness": 15, "TheLordWillJudgeYou": 1, "AtomicKittenz": 3, "TheWbarletta": 12, "Will508_is_my_name": 7, "throwawaygiraffe69": 69, "OpenSourcePro": 33, "FailedSociopath": 10, "Wh1teR1ce": 5, "db0255": 5, "AnimalFactsBot": 9, "Brain_Wire": 2, "tepkel": 4, "Deadbeat1000": 15, "jonas_h": 16, "RMFbucketglove": 3, "shazvaz": 1, "cryptochecker": 1, "Prince_Oberyns_Head": 4, "-SgtSpaghetti-": 14, "sleepfordayz679": 7, "mapiek": 1, "EzraSkorpion": 3, "JorgedeGoias": 4, "WaiYanMyintMo": 5, "Princhoco": 6, "ASentientBot": 5, "Fearless_Wretch": 1, "LockSmittyBoy": 10, "drunk98": 13, "vbozzo0420": 18, "Jasper455": 9, "not_a_russian_bot420": 1, "FifenC0ugar": 2, "SolarFlareWebDesign": 1, "AndyChamberlain": 3, "pipinngreppin": 5, "Matti_Matti_Matti": 6, "EyebrowsForEveryone": 2, "FReed0mCHild": 12, "_thisisforreddit": 9, "Goatminer17": 10, "Schwein_": 3, "ShortGeologist": 13, "melancia_ultimate": 4, "AllBotsAreBadBots": 3, "dreadiplomat110": 6, "buzzz001": 33, "Houpinator": 3, "jeffgerickson": 19, "vAbstractz": 8, "jacksoncarrollson": 5, "itrv1": 2, "Hot_Ham_Hawk": 2, "BlazingBowXT": 3, "Tychus_Kayle": 3, "ELI4_Bot": 4, "Injustice52": 5, "Rogue2555": 8, "LordEskabar": 3, "wtimkey2016": 3, "infinityio": 12, "maulrus": 4, "Andy_B_Goode": 16, "LivingIntheMemory": 2, "Bat0403": 67, "GoodGuyGiff": 2, "SonOfASelkie": 4, "edgar_de_eggtard": 3, "BILLIKEN_BALLER": 2, "unisablo": 8, "kalinaweber": 6, "min35vil": 9, "p00pywater": 2, "Nntropy": 8, "OWO-FurryPornAlt-OWO": 21, "SlowPresentation": 5, "bolnossaurorex": 14, "harry4354": 30, "Canned-Death": 21, "Tmfwang": 4, "JediMasterSteveDave": 1, "I_Killed_The_Synth": 1, "fernoklumpen": 57, "WunHunDread": 3, "josuealvo": 2, "JubJub128": 1, "jonasvagn": 13, "OPLeonidas_bitchtits": 3, "death_007": 2, "JusHerForTheComments": 5, "DMacB42": 3, "LegendOfNoEntity": 8, "TealDodo": 14, "itsmethemcb": 6, "WillLaWill": 2, "jasonmrass": 1, "BananaDick_CuntGrass": 9, "Arith_Medic_WasTaken": 1, "Cosmic247": 3, "CuckyMcCuckerCuck": 8, "xXFriendshipXx": 6, "PROK0R": 6, "amoeba3": 14, "dombrogia": 3, "aisekkedancc": 2, "Cacti_Hall": 11, "_urn": 8, "HXDDIACA2": 32, "emmademontford": 8, "brotherjeshua": 5, "soyamelon": 219, "cloudrac3r": 8, "Err0rbot": 6, "Schpau": 2, "InLoveWithTexasShape": 14, "repetitionofalie": 1, "Usernamesin2016LUL": 6, "AssholeBot9000": 5, "BeetlejuiceJudge": 2, "ReubenFroster56": 35, "zetec": 1, "BearsFan1024": 3, "Boston_Champions": 46, "ZapZapped": 1, "mordeci00": 9, "username--_--": 13, "AssassinPanda97": 11, "Autobot-N": 1, "Derpazard": 8, "pleasant_noosance": 1, "_whatbot_": 18, "TirelessGuardian": 45, "Rohan_0ge": 2, "borbag": 6, "KiloLee": 3, "a-mirror-bot": 4, "randommule": 30, "JUNGLEJlM": 2, "Ano010": 5, "whateverwherver": 64, "HColossus": 11, "array_of_dots": 32, "ArphtheFC": 7, "CoastersPaul": 10, "is-it-a-bot": 5, "HSGwentBot": 2, "PillPoppingCanadian": 17, "Bezzle16": 38, "mounted2czarina": 2, "Gaz_The_Ghostly": 9, "NuiN99": 8, "Leombro": 14, "sparkadus": 18, "timestamp_bot": 2, "OverwatchMentionBot": 4, "theHelperdroid": 23, "Treejeig": 25, "TheAmazingAutismo": 13, "NarwhalCat99": 2, "VEPBXER": 4, "DIA13OLICAL": 6, "TeddyHansen": 2, "xNepenthe": 2, "Fidget02": 4, "AntonMuster": 2, "minetruly": 12, "FeIiix": 4, "crappy_pirate": 20, "bumbling_fool_": 20, "Warbring3r": 6, "RSTVideoCustomerHelp": 2, "ItsADnDMonsterNow": 4, "phedre": 11, "zortlax": 6, "Vinccool96": 194, "moviecurve": 1, "PizzaPartyBarack": 1, "Prufrock451": 7, "MobileInvestigator4": 4, "Blueshift424": 7, "thebestdaysofmyflerm": 12, "turikk": 1, "zaddar1": 152, "ak2429": 2, "BlerptheDamnCookie": 12, "normie_memes_bad": 6, "Algorev": 17, "mr1337": 3, "Fsck_Reddit_Again": 7, "DrummerHead": 3, "MonikaBot": 7, "TurretBot": 2, "ILinkNSFWSubreddits": 48, "Gargamelle_the_wise": 3, "ratherBloody": 2, "BestForkingBot": 3, "RedstoneTehnik": 1, "Wyrdean": 6, "Cursed_Osiris": 15, "maybeitsmeh": 2, "IHeartRimworld": 1, "QuestionableTater": 37, "moreor_less": 2, "scarlet_sage": 3, "GameSuggestionBot": 2, "FearlessENT33": 5, "miraoister": 22, "JimmyKillsAlot": 8, "OwO_Bot": 1, "jasoncj121": 4, "ExpressoDepresso12": 3, "endmeplz420": 3, "fukramosbot": 5, "ABlankNam3dKid": 14, "Carnage2089": 5, "KatHamer": 2, "mysticalmisogynistic": 8, "intriging_name": 20, "battlemage64": 10, "CheckovsPhallus": 6, "AVeryHeavyBurtation": 1, "-def": 1, "luk1148": 1, "Clearly_A_Bot": 2, "Presidentfort": 2, "CPCTC13": 13, "JBHUTT09": 4, "PM_Me_An_Ekans": 1, "dog-pussy": 4, "SEB-PHYLOBOT": 1, "Nick-fwan": 21, "Not_Steve": 5, "KatalystPrime": 3, "kayeich": 4, "Bonhomhongon": 5, "TheRealPizza": 3, "SimpleInvestment": 2, "JollyFishing": 1, "JoesAlot": 1, "isthistechsupport": 4, "ZoomBoingDing": 11, "reddit_give_me_virus": 3, "barben416": 5, "VelvetBot": 3, "MarioKartGuy27": 5, "tehobliv": 17, "Opheltes": 4, "rule34": 3, "rimworld-modlinker": 7, "LivingReaper": 1, "Someguyinamechsuit": 3, "AATroop": 31, "skine09": 4, "Harleyquincey": 4, "downvoteawayretard": 27, "CIA_watches_me_pee": 4, "goblincocksmoker": 4, "IamDoge1": 7, "JagexAyiza": 13, "aj_og": 3, "FitBricker": 3, "Leif_Tv": 1, "Raqped": 3, "G_likes_ravioli": 23, "Weave77": 1, "SauthEfrican": 2, "TacoPi": 2, "Kitty-Kat-Katarina": 2, "Spartan2470": 8, "CharismaticBiscuit": 8, "CoolPrice": 18, "UrgotOniichan": 2, "theillini19": 4, "US-person-1": 5, "stimulatedneuron": 10, "sverdavbjorn": 2, "BobbyDropTableUsers": 10, "ScenesFromTheOffice": 6, "notbjerg": 2, "adeadhead": 2, "catonmyshoulder69": 11, "EnjoyTheUsernameGIF": 6, "DevilishRogue": 2, "AlyxVeldin": 2, "shiftstorm11": 5, "Manaphy180": 2, "RearEchelon": 21, "Qubk0": 4, "StaysAwakeAllWeek": 5, "Catsaiah": 2, "2A_is_the_best_A": 5, "UsualSnark": 2, "sir_tejj": 3, "TransIator_Bot": 4, "GODDAMNFOOL": 1, "AJPowers17123": 6, "Concise_Pirate": 15, "stranglingisfun": 13, "best_les": 5, "iLikeToPL4Y": 2, "trosemblattt": 5, "Trowawaycausebanned4": 11, "Dbug113": 6, "Shiwakao": 3, "automated_bot": 3, "KoolThund3r": 5, "deleteseverything": 5, "GoodNello": 2, "chimpsinblimps": 2, "Borderlandsman": 2, "outofideasforusernam": 3, "kendo_master123": 6, "867-5309NotJenny": 29, "SirLordSagan": 18, "HSChubbyPie": 2, "bhjohnp1": 1, "Jayant0013": 5, "zpcidiot": 9, "aaaaaaaaaaanonymous": 1, "sceptical_penguin": 1, "NameCannotBeChanged": 1, "Haunted_Butt_Bot": 1, "RohanReignzz": 2, "fermented_mango": 48, "Pro_ReX": 1, "coat-tail_rider": 5, "bluefalcon5413": 6, "ImJustAUser": 5, "LNMagic": 1, "Illementary": 2, "RedsDaed": 2, "RedZaturn": 6, "demonsdencollective": 14, "HDMemes": 20, "satanismyhomeboy": 4, "Prominer44": 2, "katze_sonne": 1, "terrible_name": 1, "GusulluGamer": 1, "badbotbadbot": 1, "qaisjp": 6, "raistliniltsiar": 3, "wholesomeusername26": 3, "HensRightsActivist": 2, "verdegrrl": 6, "celsiusnarhwal": 8, "EnterpriseRentACar": 1, "Dio_Landa": 27, "moloe0": 456, "siouxsie_siouxv2": 12, "SirkTheMonkey": 2, "_mach": 1, "HogwartsBot": 4, "sukabot": 11, "RemarkableRyan": 9, "BEAR_RAMMAGE": 3, "AddictedReddit": 5, "AngelofServatis": 16, "Cahootie": 2, "Crispy_socks241": 4, "KaneRobot": 8, "DunkanBulk": 8, "rosey-the-bot": 7, "PsyonixCommentBot": 10, "Cross55": 8, "uuff": 14, "BeardsuptheWazoo": 12, "arealhumannotabot": 15, "McJock": 6, "Trigun113": 16, "WeSeeComrade": 31, "what-diddy-what-what": 2, "CappnKrunk": 5, "GifReversingBot": 11, "Unratedex": 4, "youtbuddcody": 13, "KennySysLoggins": 4, "RobertAPetersen": 4, "TOORIGHTCUNT": 18, "Gear_": 6, "Its-Emily": 23, "McCree_From_Gamecube": 6, "bot-ama": 1, "thatwhichwontbenamed": 2, "Whiterabbit--": 2, "Offensive_joke_lord": 1, "DistortedLines": 20, "headasplodes": 9, "LongPostBot": 10, "BWSnap": 6, "Chick-fil-A_spellbot": 10, "SaloL": 2, "F54280": 5, "BobbinWilliams": 2, "No_44": 2, "Mr_Bullcrap": 2, "Konroy": 1, "greenwizardneedsfood": 3, "LewisTehMinerz": 2, "EthiczGradient": 3, "NeXtDracool": 2, "kwikileaks": 1, "Joniator": 13, "ChicagoGuy53": 1, "ActualRealBot": 7, "ctudor": 8, "Deus_Vult_Bot_": 3, "WikiHowLinkBot": 7, "isidero": 2, "cpaca0": 18, "cuddlebirb": 7, "lindLess": 2, "smash_sniffer": 1, "FYourTeam": 3, "Wutbot1": 4, "trot-trot": 5, "arcanum7123": 1, "HerbAnalog": 3, "isditregtignodiG": 39, "the_model_customer": 53, "tragile": 2, "bartturner": 7, "Ladderjack": 2, "ahtnos": 1, "Junkbot": 1, "hawkalpin": 11, "No_H_in_Cage": 4, "OkToBeTakei": 2, "Jumbobog": 9, "demonsword": 1, "pm4cat_or_foodpics": 5, "nicopalavecino": 8, "thehonestyfish": 8, "oneeighthirish": 7, "dergrioenhousen": 2, "rektitroaster": 17, "election_info_bot": 2, "webchimp32": 2, "Epamynondas": 2, "Pulp_Ficti0n": 2, "Lord_Emperor": 1, "oneofus-oneofus": 3, "listgrotto": 1, "kpagcha": 4, "beeps-n-boops": 9, "clavabot": 2, "wtfdaemon": 4, "sejnn": 2, "Novox_": 2, "Lostknight17": 2, "Cacophon": 1, "qulqu": 3, "odraencoded": 17, "Asddsa76": 10, "TheFearlessChuaEater": 3, "TaipanTacos": 5, "beakz_r": 87, "Harry-Flashman": 1, "FenwayPatriot": 3, "smiles134": 6, "nootrino": 5, "purpleturtlehurtler": 12, "Brailledit": 2, "weekendbot": 34, "AutoChaderator": 18, "Marcultist": 1, "Dibs_on_Mario": 3, "Amulet_Of_Yendor": 10, "cripeosaurus": 2, "OMG__Ponies": 4, "p_iynx": 6, "SavageVoodooBot": 2, "tiny_rick__": 1, "TheGinofGan": 11, "DriftExtra": 25, "Yes-its-really-me": 6, "Spicy-Autism": 2, "JmnNatu": 11, "Hanneman_213": 2, "Midnightborn": 20, "joeSeggiola": 2, "ssssank": 5, "Travertino": 16, "immaginiBot": 1, "Nadestin": 7, "SubAutoCorrectBot": 2, "Holofan4life": 147, "NutCalculator": 1, "JoshuaSonOfNun": 14, "Momo_Kozuki": 2, "gimmeyourcake": 19, "Alluminn": 8, "DuelingPushkin": 14, "FridayThe13thRobot": 1, "exboi": 2, "lakesObacon": 1, "KuraiTheBaka": 7, "daninjaj13": 5, "badwin777": 1, "r2d2_21": 7, "creepymutelilbugger": 1, "draw_it_now": 7, "daebro": 4, "MLBVideoConverterBot": 1, "Digitalmonster7068": 1, "ModeratelyHelpfulBot": 33, "Archive-Bot": 3, "BattleBusBot": 4, "OculusSupport": 4, "Fenrir007": 21, "Youtube_mirr0r_b0t": 1, "BrianiacFive": 1, "herbibot": 4, "RaymondSaint": 1, "javiermartinez25": 8, "DoMoreWithLess": 59, "informationscientist": 2, "yogobot": 5, "ToTheWallWithYou": 1, "LKincheloe": 11, "Selfdestructseq0001": 1, "LostIt642": 10, "justsomedoctor": 3, "Muslim_Wookie": 5, "creepy_robot": 5, "AnimeSourceBot": 25, "TwitchSubreddit": 2, "KekOpera": 3, "Headcap": 2, "tiagocc0": 1, "sardinha_da_massa": 8, "DrHelminto": 8, "von_Roos": 6, "SoldadoTrifaldon": 15, "Saihus": 3, "eitapeste": 2, "slrcpsbr": 15, "TiaDoBatman": 4, "Miiich": 5, "kuromadoushi": 15, "baiano151": 1, "Michael3038": 6, "Kaldicerebrius": 10, "Yodamanjaro": 2, "9dedos": 2, "Tradewind403": 12, "Endulos": 7, "-eccentric-": 5, "Slinkwyde": 4, "Cessnateur": 2, "auto-cellular": 6, "The_Inquirer_852": 5, "DankMemesMods": 2, "AssaultedCracker": 2, "NormieTehMemer": 1, "Kamakazi1": 1, "hacksorskillbot": 9, "SiomarTehBeefalo": 6, "DarkRadiation553": 37, "silofski": 7, "notabotAMA": 3, "King_Bonio": 9, "ilybot": 1, "noctxm": 5, "MoopCon": 1, "EasygoingEthab": 1, "aqp-bot": 4, "SpellCheck_Privilege": 4, "GetItRightJack": 1, "BradyvonAshe": 4, "12111990": 1, "Agent_Phantom": 1, "DiscrepaBot": 1, "PhyterNL": 3, "hwsbot": 9, "firexsam": 1, "eFeqt": 7, "Glorounet": 3, "yyzable": 18, "HarryDeekolo": 2, "sir_snufflepants": 1, "mightbeabotidk": 12, "teymon": 2, "-___-___-__-___-___-": 1, "tennies": 19, "SoulCraftey": 9, "sgmctabnxjs": 6, "GallowBoob": 1, "Moist_Shrimp": 1, "auronvi": 1, "SuprDog": 3, "Yage2006": 1, "ladyanita22": 4, "pibedelcobre": 21, "qtanon1": 15, "UsefulAnswerBot": 4, "EdwadThatone": 5, "Ink_bot": 1, "dadjokes_bot": 8, "muchgibberish": 3, "ColbyTwentyTwenty": 8, "RanLearns": 3, "ValidAvailable": 2, "icephoenix821": 12, "valor_123": 4, "piceus": 8, "Jakeob28": 2, "VictaFunk": 38, "FelixArgyle_": 5, "slampisko": 3, "JumanJoker": 8, "primenumbersturnmeon": 4, "NawtAGoodNinja": 17, "Ineedmyownname": 4, "AimostFrontPage": 3, "motosql": 1, "Adventurous_Ladder": 2, "dubly_": 1, "thats_a_repost_bot": 5, "insistent_librarian": 5, "RepostSentinel": 9, "plasticmanufacturing": 1, "BeatmapLinker": 3, "thedekxal": 3, "Iexplainpunchlines": 2, "idiom_bot": 3, "GinandAtomic": 1, "vet-bait-bot": 10, "opfeels": 6, "shipguy55": 2, "KemonomimiCheerUpBot": 3, "An_Cantaloupe": 1, "RepliesNice": 19, "tsw_distance": 3, "Bbrowny": 1, "ColdestCoconut": 4, "Line_14": 4, "ThatCanadianGuy99": 2, "IglooGreg": 30, "Blackwater_7": 6, "RepostCheckerBot": 3, "guitar_lamb": 2, "glufreh": 3, "MuresMalum": 4, "TheThingsUnsaid": 66, "Switchermaroo": 3, "PigeonPoo123": 16, "stormshieldonebot": 1, "GurusunYT": 6, "Haveireddit": 6, "iLuvz2bake_n_69": 13, "SirT4co": 3, "DDLCs_Nickel_Counter": 1, "ghost_of_dongerbot": 3, "Personaer": 2, "CapytannHook": 1, "Kicooi": 3, "IE_MLB": 5, "Respectable_Answer": 4, "NicoRosbott": 8, "flipjj": 6, "DedlySnek": 5, "Bishop_of_the_West": 1, "kamatacci": 5, "MTGLardFetcher": 182, "PittsburghDan": 5, "TheAntiPlaneswalker": 10, "slow_down_bot": 14, "Pielikeman": 2, "w-san": 3, "TruthGetsBanned": 1, "thewanderingway": 2, "SGT_Apone": 163, "LEAPYEAR_FOR_SCIENCE": 346, "nyet_the_kgb": 8, "PhillyDotComArchiver": 1, "AnimusNoctis": 1, "Vejasple": 9, "goosepills": 3, "SportsPi": 3, "Yankeebot": 14, "MrEmeralddragon": 1, "jcopta": 2, "RandomCondor": 2, "MomOf2cats": 4, "ItsAutobot": 6, "JMOD_Bloodhound": 2, "utkrowaway": 1, "Luke-Likesheet": 5, "Laterbot": 6, "WannaWaffle": 5, "DaveTheDog027": 2, "AskRedditspammer": 5, "Jocasp": 5, "GKrollin": 4, "Dank_Memes16": 1, "Pontus_Pilates": 6, "TheMentalist10": 2, "HouseSomalian": 6, "AndyGoodwood": 4, "M1810": 12, "rdw1982": 1, "CowboyXuliver": 1, "shillelagh-law": 1, "synocrat": 2, "-1KingKRool-": 4, "nobody_likes_soda": 7, "TaobaoMobileConvert": 4, "Traspen": 2, "darnbot": 7, "YugiohLinkBot": 1, "AwesomeAutobot": 4, "me_irl_youtube_bot": 1, "uglyasablasphemy": 4, "faku35624": 2, "ToMateUnMateOUnChori": 1, "fonse": 1, "DrElverGalarga": 2, "gustavoeo": 5, "UnEjemploASeguir": 2, "DirkGentle": 4, "GiveBot": 1, "llanfaire": 2, "LjSpike": 1, "DanDav0": 1, "phcsaucebot": 9, "ThisIsntCursedBOT": 10, "OllyJacko142857": 6, "SimStart": 10, "Chronos_the_Cat": 6, "FAToFacdn": 5, "Loli-Tag-Bot": 4, "OwwOofMyBonesBot": 13, "Time_Fracture": 2, "Darkdistroi": 7, "utclpn": 2, "mahir_r": 1, "pkismeyea": 15, "pokeguy64": 3, "Python154": 13, "Nick433333": 4, "En_svamp": 2, "PayRespects-Bot": 5, "Mr-Goose-": 3, "walkclothed": 1, "Raptor226": 2, "Ralphusthegreatus": 3, "YinYangar": 4, "MissileBot": 2, "makzk": 4, "Deanlechanger": 3, "touching_payants": 4, "Jshmoor4life": 2, "twinkiac": 1, "trumpcoatbot": 1, "Draws-attention": 1, "neohylanmay": 5, "Mashu_Kyrielite": 18, "BlameLib": 9, "LBGW_experiment": 3, "_KanyeWest_": 3, "Left4DayZ1": 9, "redrhyski": 14, "ifthestarsareright": 2, "MasRemlap": 1, "splendid456": 2, "evenfromsweden": 4, "karlmoebius": 2, "myexwifeisfromhell": 4, "DigHat": 8, "DankMemer0": 18, "FinalTea": 33, "ninfrodisenpai": 25, "josefykrakowski": 16, "wowo532241": 5, "PanqueNhoc": 6, "USAneedsAJohnson": 1, "miss-morland": 10, "k-mohit": 3, "murrochin": 3, "juice_box_guy": 1, "moabdulrazzak": 2, "ehnemehnemuh": 2, "MrBeepyBot": 8, "afrophysicz": 2, "lone_red_rover_mp3": 6, "Netheferious": 8, "deck-code-bot": 1, "FrespectEwomenist": 13, "Lesterberne": 3, "hearthscan-bot": 4, "spudmix": 1, "BukkakeSplishnsplash": 2, "Madmax05072": 2, "Fuck_cunts_right": 2, "ExistanceIsTorment": 2, "AvoidBot": 2, "coolcosmos": 4, "JoeyRobot": 4, "THE_OFFICE_BLOWS": 5, "Sorbitol123": 1, "4x_jpeg": 5, "SunglassesDan": 1, "NEEDS_MORE_PMS": 10, "Sulti": 2, "fairySprinkIes": 5, "dimmi99": 11, "rTeenBot": 4, "8point3fodayz": 1, "ForgettableWorse": 2, "the__storm": 1, "Sebu91": 1, "Politicanos": 4, "let_that_sink_in": 4, "Toxoryn": 12, "rollme": 11, "patsbot": 2, "Shut_Up_Exe_Bot": 15, "Sysilus": 11, "PossiblyFuckReddit": 1, "aaAAAaaahh_bot": 1, "Dauss": 8, "P33M": 1, "LeaLevison": 1, "iamjamieq": 2, "FinFihlman": 3, "Futureisgreen": 1, "DTG_Bot": 1, "RedHorseStrong": 2, "KenFrezno": 4, "broswae": 2, "carmabound": 2, "__under_score__": 13, "ShazbotSimulator2012": 2, "funguyshroom": 1, "NFLVideoConverterBot": 1, "Photoshopbattlesbot": 1, "ForTheL1ght": 3, "the_random_bot": 2, "KeySpare": 9, "YouSeeingThisBot": 2, "JusKeepRolling": 1, "jokeriotBot": 3, "imyselfamwar": 6, "MemePolice_bot": 9, "OckhamsFolly": 1, "cake-jesus": 2, "neverfearIamhere": 1, "damp_soup": 1, "jjjbbapp": 2, "Twas_Inevitable": 1, "harley6324": 5, "MISTERSWISSARMY": 1, "AlanCristhian": 5, "bacf": 1, "TheOldeAccounte": 2, "HeroesInfoBot": 2, "DJ_Spam": 3, "exaccuss": 1, "Son_of_York": 2, "KingAlfredOfEngland": 2, "Gam1ngChair": 3, "hexaninja": 2, "alemkalender": 2, "framedata-bot": 1, "Aint_it_a_shame": 2, "StupendousBot": 5, "The_Minstrel_Boy": 2, "spacebj": 1, "GavinDanceWClaudio": 1, "Dragonhunter_24": 1, "SysUser": 2, "BotRuslan": 1, "Hexidian": 2, "fire-up-those-burner": 2, "the40ftbadger": 2, "cardolan4": 26, "s4b3r6": 2, "nicktohzyu": 4, "Atryuki": 3, "satanEXP": 2, "kronos55": 3, "ship0f": 1, "Treazul": 1, "Gyazo_Bot": 112, "Banzaiboy262": 1, "NoBonesHobones": 4, "fcon5": 3, "jeremy1015": 4, "follyboyz": 1, "GGGGobbler": 4, "WorkRelatedIllness": 2, "WyattMontgomery": 2, "Bad_Aspen": 3, "wombatx88": 40, "BlackBloke": 3, "vreddit_bot": 6, "Orthiax": 2, "SpyderN": 1, "Fuck_ESPN_Bot": 1, "griffio44": 6, "_Adamanteus_": 3, "sharkstax": 2, "EasySolutionsBot": 1, "Seagull_No1_Fanboy": 2, "duhpolan": 2, "XXAligatorXx": 1, "WhoDidThisBot": 2, "CephalonWiki": 1, "arrestdevjunkie": 1, "Junkyrat123": 4, "Sweet_Tangerine50": 2, "PF_Mirror_Bot": 2, "justinvincible15": 1, "ADNAP727": 1, "kavanaughbot": 16, "LithopsIsSingularBot": 1, "theephie": 2, "GreenMedics": 1, "Hepcat10": 1, "PinataZack": 1, "ThroughThePortico": 3, "rangi1218": 1, "Golden_Caviar": 3, "kuilinbot": 1, "kosher3864": 2, "TheFirstAndrew": 2, "LLichs": 2, "jangle_bo_jingles": 1, "KochuJang": 1, "pwnz0rnet": 1, "Cameltoetem": 1, "Highfalutin-Free": 1, "Domaz29": 2, "20-CharactersAllowed": 1, "funkinehh": 2, "Degenerate_Antics": 1, "Apuroy95": 1, "awesomeac89": 1, "flying_pig_trainer": 1, "karuna_murti": 1, "manniefabian": 1, "Poincenot": 1, "icedicks": 1, "ipickednow": 1, "apliens": 3, "Stathes": 1, "Sveittjpong": 1, "dunder_gifflin": 1, "ajs0525": 1, "NoMoreMisspellingBot": 2, "ftheredsoxbot": 2, "Amacar123": 1, "skybali": 1, "canehdian78": 3, "refreshfr": 1, "xkbjkxbyaoeuaip": 1, "UnsubHero": 1, "naaksu": 1, "HentaiTagBot": 1, "Qtpies43232": 1, "WhosCountin": 1, "xX_Crilp_Xx": 2, "Thecubezarmy_RO": 3, "mozalvete": 2, "Lapis_Mirror": 2, "PM_me_cute_penguins_": 60, "ExplainsRemovals": 6, "kahootcrashbot": 1, "eliaswk": 2, "JenkemJoe": 2, "drmadmat": 2, "LastDown23": 1, "Pie843115": 1, "reach2portals2": 1, "mushroomwig": 1, "SarcasticNice": 1, "Cursed_Punisher": 13, "Spam_Detector_Bot": 1, "Chaos2718": 9, "lilivessreadsit": 7, "sansjoe": 1, "The-Onion-Bro": 2, "Random_Numbers_Bot": 17, "Nuke_Dukum": 1, "ClaudioRules": 1, "IHavRoksInHed": 2, "commento_col_Vangelo": 3, "fernibble": 1, "todd10k": 5, "rubyshroom": 2, "Whos_Chunks": 3, "Tekknikal_G": 3, "amdamsky": 1, "JudeNarukami": 1, "Sir_Chubby2": 2, "verithroz": 1, "BullsBot": 1, "SpookyCat2": 2, "RareEmeraldPepe": 1, "Stugehh": 1, "BrozzerBilalBot": 2, "CrowFoxy": 1, "KingJewffrey": 1, "mgh245": 1, "salteedog007": 1, "nHentai-Tag-Bot": 4, "GoodBotBadHuman-": 1, "braiam": 1, "RedditAnnoyBot": 37, "UpvoteMemePoliceBot": 7, "iAmTheAlchemist": 1, "chuktesta": 5, "Justin_DS": 2, "PUBGM_Bot": 2, "Athien": 1, "gobargiverbot": 1, "herrdidi": 2, "EverettBAL": 1, "EuropeanDecent": 1, "aafa": 1, "the_4th_doctor_": 1, "GitCommandBot": 5, "CurvyCocoa": 2, "Myzifer": 2, "firesofpompeii": 1, "charlierw123": 3, "TheBiggestNose": 1, "girlsaresoyboys": 2, "pterodaktyl4": 16, "seequiNz": 1, "HentaiSauce_Bot": 1, "reversezer0": 1, "09876543212345": 2, "MarmotOnTheRocks": 1, "BabyHands81": 1, "saintnum5": 1, "ThatsSport": 2, "copthathype": 2, "throwawayzoneparking": 1, "pastermil": 1, "icydata": 1, "_Serene_STFU": 1, "hoschi111": 3, "visk0n3": 2, "BlueSardines": 1, "bastardj0nsn0w": 1, "ErickGJefferson": 1, "cooperred": 5, "PickleRiccck": 1, "murderedbybots": 1, "Aqua_ow": 2, "soowhatchathink": 1, "Nitesen": 1, "Koreyrobin": 1, "8milestyle": 1, "LyingSackOfPoopShit": 8, "-RStyle": 1, "lose_has_1_o": 2, "QuickNPainful": 1, "saucywaucy": 1, "_friendly_bot_": 2, "kevbot19": 2, "ponds666": 8, "sockmasterbot": 1, "duckyb0y": 4, "gamezzmob": 8, "djhamilton": 2, "Naman_Jani_17": 1, "jerrys_doctor_bot": 1, "SergeantBiggs": 1, "UpdateMeBot": 1, "hyakumanben": 1, "VaultNet101": 1, "InitechSecurity": 1, "HossBot": 2, "YoMomBot": 1, "Zeldie789": 1, "ThereAreAFewOptions": 1, "ln_degenerate": 4, "S5Diana": 2, "freaklord1909": 1, "Flamme_oops": 3, "zanysteve": 4, "mnemosyne-0002": 4, "the_soup_wizard": 4, "lunk": 1, "jonathangai": 1, "ElonMuskBot": 1, "autowowbot": 1, "DenwaRenjiChan": 2, "Adrenyx": 1, "JageTV": 3, "Tubal_Facts_Team": 5, "obalisk97": 1, "pedal_deals_bot": 1, "SamMee514": 3, "TheMasterRedditor": 2, "ThisIsMyLaifu": 1, "ch_scorebot": 7, "halosos": 3, "ColonelDegtyarev": 1, "BugleBot": 1, "Summit75": 1, "HallMonitorBot": 2, "Deadshot_Calamity": 1, "edgykitty": 1, "STOBot": 4, "DefinetlyNotAFurry69": 2, "GPDBot": 1, "rCallofDutyBot": 1, "givebadadvice": 2, "flyingcircusdog": 1, "poopymayonesa": 1, "BestPornFinder": 4, "PickleWell": 4, "cacapis": 1, "Netharian": 1, "No-e-bot": 1, "PRW56": 1, "icantfind_a_username": 1, "fuckingyoungperfect": 1, "eyeswideocean": 1, "heisnotthatintoyou": 1, "BaseballClerk": 1, "BurlsteinBurl": 1, "IsItUnderrated": 1, "EmBrAcE-DeAtH": 1, "PicturElements": 3, "angrywords": 1, "DonnieS1": 1, "goofbot": 2, "Vovomortel": 1, "BadEgg1951": 1, "dvlpr404": 2, "Bartastik": 1, "evstatsbot": 1, "lmN0tAR0b0t": 1, "xRazlee": 1, "Danksir6yu": 1, "ArtificiallyEnhanced": 3, "nsfwmodeme": 1, "hug-bot": 1, "1800idgaf": 1, "PotatoGolem": 1, "poldicer": 1, "saduselessbot": 1, "yanogacio": 1, "ooax": 1, "KilluaYoukai": 2, "cefel": 1, "Coffeezzz": 1, "Bajungaa": 1, "briannasaurusrex92": 1, "84935": 1, "proofofintelligence": 1, "I-AM-PIRATE": 1, "amitmandel14": 1, "thephilospherstoned": 1, "LegendaryPintMan": 3, "sjsquared": 1, "ShutterBun": 2, "jusdarcenas": 1}